[
{
  "model": "admin.logentry",
  "pk": 1,
  "fields": {
    "action_time": "2022-03-19T12:52:06.987Z",
    "user": 2,
    "content_type": 9,
    "object_id": "1",
    "object_repr": "Anonymous",
    "action_flag": 1,
    "change_message": "[{\"added\": {}}]"
  }
},
{
  "model": "admin.logentry",
  "pk": 2,
  "fields": {
    "action_time": "2022-04-20T05:08:49.885Z",
    "user": 2,
    "content_type": 7,
    "object_id": "38",
    "object_repr": "https://48fb-103-161-144-38.ngrok.io",
    "action_flag": 2,
    "change_message": "[{\"changed\": {\"fields\": [\"Tags\"]}}]"
  }
},
{
  "model": "admin.logentry",
  "pk": 3,
  "fields": {
    "action_time": "2022-04-20T05:09:36.230Z",
    "user": 2,
    "content_type": 7,
    "object_id": "36",
    "object_repr": "https://48fb-103-161-144-38.ngrok.io",
    "action_flag": 2,
    "change_message": "[{\"changed\": {\"fields\": [\"Tags\"]}}]"
  }
},
{
  "model": "admin.logentry",
  "pk": 4,
  "fields": {
    "action_time": "2022-04-20T07:50:36.904Z",
    "user": 2,
    "content_type": 7,
    "object_id": "29",
    "object_repr": "https://www.google.com/search?channel=fs&client=ubuntu&q=django+ajax+get+request",
    "action_flag": 2,
    "change_message": "[{\"changed\": {\"fields\": [\"Tags\"]}}]"
  }
},
{
  "model": "admin.logentry",
  "pk": 5,
  "fields": {
    "action_time": "2022-04-20T07:50:48.554Z",
    "user": 2,
    "content_type": 7,
    "object_id": "27",
    "object_repr": "https://www.google.com/search?channel=fs&client=ubuntu&q=django+ajax+get+request",
    "action_flag": 2,
    "change_message": "[{\"changed\": {\"fields\": [\"Tags\"]}}]"
  }
},
{
  "model": "admin.logentry",
  "pk": 6,
  "fields": {
    "action_time": "2022-04-20T07:51:08.094Z",
    "user": 2,
    "content_type": 7,
    "object_id": "18",
    "object_repr": "https://google.com",
    "action_flag": 2,
    "change_message": "[{\"changed\": {\"fields\": [\"Tags\"]}}]"
  }
},
{
  "model": "admin.logentry",
  "pk": 7,
  "fields": {
    "action_time": "2022-04-20T07:51:26.215Z",
    "user": 2,
    "content_type": 7,
    "object_id": "20",
    "object_repr": "https://www.facebook.com/",
    "action_flag": 2,
    "change_message": "[{\"changed\": {\"fields\": [\"Tags\"]}}]"
  }
},
{
  "model": "admin.logentry",
  "pk": 8,
  "fields": {
    "action_time": "2022-04-20T12:09:09.391Z",
    "user": 2,
    "content_type": 7,
    "object_id": "30",
    "object_repr": "https://www.hackerearth.com/challenges/",
    "action_flag": 2,
    "change_message": "[{\"changed\": {\"fields\": [\"Url title\", \"Tags\"]}}]"
  }
},
{
  "model": "admin.logentry",
  "pk": 9,
  "fields": {
    "action_time": "2022-04-21T09:27:08.259Z",
    "user": 2,
    "content_type": 16,
    "object_id": "12",
    "object_repr": " ",
    "action_flag": 3,
    "change_message": ""
  }
},
{
  "model": "admin.logentry",
  "pk": 10,
  "fields": {
    "action_time": "2022-04-21T09:27:08.391Z",
    "user": 2,
    "content_type": 16,
    "object_id": "10",
    "object_repr": ",",
    "action_flag": 3,
    "change_message": ""
  }
},
{
  "model": "admin.logentry",
  "pk": 11,
  "fields": {
    "action_time": "2022-04-21T09:27:08.502Z",
    "user": 2,
    "content_type": 16,
    "object_id": "14",
    "object_repr": "a",
    "action_flag": 3,
    "change_message": ""
  }
},
{
  "model": "admin.logentry",
  "pk": 12,
  "fields": {
    "action_time": "2022-04-21T09:27:08.603Z",
    "user": 2,
    "content_type": 16,
    "object_id": "11",
    "object_repr": "d",
    "action_flag": 3,
    "change_message": ""
  }
},
{
  "model": "admin.logentry",
  "pk": 13,
  "fields": {
    "action_time": "2022-04-21T09:27:08.702Z",
    "user": 2,
    "content_type": 16,
    "object_id": "7",
    "object_repr": "e",
    "action_flag": 3,
    "change_message": ""
  }
},
{
  "model": "admin.logentry",
  "pk": 14,
  "fields": {
    "action_time": "2022-04-21T09:27:08.836Z",
    "user": 2,
    "content_type": 16,
    "object_id": "16",
    "object_repr": "g",
    "action_flag": 3,
    "change_message": ""
  }
},
{
  "model": "admin.logentry",
  "pk": 15,
  "fields": {
    "action_time": "2022-04-21T09:27:08.969Z",
    "user": 2,
    "content_type": 16,
    "object_id": "13",
    "object_repr": "j",
    "action_flag": 3,
    "change_message": ""
  }
},
{
  "model": "admin.logentry",
  "pk": 16,
  "fields": {
    "action_time": "2022-04-21T09:27:09.102Z",
    "user": 2,
    "content_type": 16,
    "object_id": "9",
    "object_repr": "l",
    "action_flag": 3,
    "change_message": ""
  }
},
{
  "model": "admin.logentry",
  "pk": 17,
  "fields": {
    "action_time": "2022-04-21T09:27:09.235Z",
    "user": 2,
    "content_type": 16,
    "object_id": "8",
    "object_repr": "n",
    "action_flag": 3,
    "change_message": ""
  }
},
{
  "model": "admin.logentry",
  "pk": 18,
  "fields": {
    "action_time": "2022-04-21T09:27:09.369Z",
    "user": 2,
    "content_type": 16,
    "object_id": "15",
    "object_repr": "o",
    "action_flag": 3,
    "change_message": ""
  }
},
{
  "model": "admin.logentry",
  "pk": 19,
  "fields": {
    "action_time": "2022-04-22T03:21:50.343Z",
    "user": 2,
    "content_type": 7,
    "object_id": "35",
    "object_repr": "https://test-driven-django-development.readthedocs.io/en/latest/02-models.html",
    "action_flag": 2,
    "change_message": "[{\"changed\": {\"fields\": [\"Tags\"]}}]"
  }
},
{
  "model": "admin.logentry",
  "pk": 20,
  "fields": {
    "action_time": "2022-04-22T03:22:07.587Z",
    "user": 2,
    "content_type": 7,
    "object_id": "34",
    "object_repr": "https://test-driven-django-development.readthedocs.io",
    "action_flag": 2,
    "change_message": "[{\"changed\": {\"fields\": [\"Tags\"]}}]"
  }
},
{
  "model": "admin.logentry",
  "pk": 21,
  "fields": {
    "action_time": "2022-04-22T03:24:43.751Z",
    "user": 2,
    "content_type": 7,
    "object_id": "8",
    "object_repr": "https://freedjango.com/generate-a-qr-code-in-django/",
    "action_flag": 2,
    "change_message": "[{\"changed\": {\"fields\": [\"Tags\"]}}]"
  }
},
{
  "model": "admin.logentry",
  "pk": 22,
  "fields": {
    "action_time": "2022-04-22T03:25:00.131Z",
    "user": 2,
    "content_type": 7,
    "object_id": "4",
    "object_repr": "https://studygyaan.com/django/creating-charts-in-django-web-app",
    "action_flag": 2,
    "change_message": "[{\"changed\": {\"fields\": [\"Tags\"]}}]"
  }
},
{
  "model": "auth.permission",
  "pk": 1,
  "fields": {
    "name": "Can add log entry",
    "content_type": 1,
    "codename": "add_logentry"
  }
},
{
  "model": "auth.permission",
  "pk": 2,
  "fields": {
    "name": "Can change log entry",
    "content_type": 1,
    "codename": "change_logentry"
  }
},
{
  "model": "auth.permission",
  "pk": 3,
  "fields": {
    "name": "Can delete log entry",
    "content_type": 1,
    "codename": "delete_logentry"
  }
},
{
  "model": "auth.permission",
  "pk": 4,
  "fields": {
    "name": "Can view log entry",
    "content_type": 1,
    "codename": "view_logentry"
  }
},
{
  "model": "auth.permission",
  "pk": 5,
  "fields": {
    "name": "Can add permission",
    "content_type": 2,
    "codename": "add_permission"
  }
},
{
  "model": "auth.permission",
  "pk": 6,
  "fields": {
    "name": "Can change permission",
    "content_type": 2,
    "codename": "change_permission"
  }
},
{
  "model": "auth.permission",
  "pk": 7,
  "fields": {
    "name": "Can delete permission",
    "content_type": 2,
    "codename": "delete_permission"
  }
},
{
  "model": "auth.permission",
  "pk": 8,
  "fields": {
    "name": "Can view permission",
    "content_type": 2,
    "codename": "view_permission"
  }
},
{
  "model": "auth.permission",
  "pk": 9,
  "fields": {
    "name": "Can add group",
    "content_type": 3,
    "codename": "add_group"
  }
},
{
  "model": "auth.permission",
  "pk": 10,
  "fields": {
    "name": "Can change group",
    "content_type": 3,
    "codename": "change_group"
  }
},
{
  "model": "auth.permission",
  "pk": 11,
  "fields": {
    "name": "Can delete group",
    "content_type": 3,
    "codename": "delete_group"
  }
},
{
  "model": "auth.permission",
  "pk": 12,
  "fields": {
    "name": "Can view group",
    "content_type": 3,
    "codename": "view_group"
  }
},
{
  "model": "auth.permission",
  "pk": 13,
  "fields": {
    "name": "Can add user",
    "content_type": 4,
    "codename": "add_user"
  }
},
{
  "model": "auth.permission",
  "pk": 14,
  "fields": {
    "name": "Can change user",
    "content_type": 4,
    "codename": "change_user"
  }
},
{
  "model": "auth.permission",
  "pk": 15,
  "fields": {
    "name": "Can delete user",
    "content_type": 4,
    "codename": "delete_user"
  }
},
{
  "model": "auth.permission",
  "pk": 16,
  "fields": {
    "name": "Can view user",
    "content_type": 4,
    "codename": "view_user"
  }
},
{
  "model": "auth.permission",
  "pk": 17,
  "fields": {
    "name": "Can add content type",
    "content_type": 5,
    "codename": "add_contenttype"
  }
},
{
  "model": "auth.permission",
  "pk": 18,
  "fields": {
    "name": "Can change content type",
    "content_type": 5,
    "codename": "change_contenttype"
  }
},
{
  "model": "auth.permission",
  "pk": 19,
  "fields": {
    "name": "Can delete content type",
    "content_type": 5,
    "codename": "delete_contenttype"
  }
},
{
  "model": "auth.permission",
  "pk": 20,
  "fields": {
    "name": "Can view content type",
    "content_type": 5,
    "codename": "view_contenttype"
  }
},
{
  "model": "auth.permission",
  "pk": 21,
  "fields": {
    "name": "Can add session",
    "content_type": 6,
    "codename": "add_session"
  }
},
{
  "model": "auth.permission",
  "pk": 22,
  "fields": {
    "name": "Can change session",
    "content_type": 6,
    "codename": "change_session"
  }
},
{
  "model": "auth.permission",
  "pk": 23,
  "fields": {
    "name": "Can delete session",
    "content_type": 6,
    "codename": "delete_session"
  }
},
{
  "model": "auth.permission",
  "pk": 24,
  "fields": {
    "name": "Can view session",
    "content_type": 6,
    "codename": "view_session"
  }
},
{
  "model": "auth.permission",
  "pk": 25,
  "fields": {
    "name": "Can add links",
    "content_type": 7,
    "codename": "add_links"
  }
},
{
  "model": "auth.permission",
  "pk": 26,
  "fields": {
    "name": "Can change links",
    "content_type": 7,
    "codename": "change_links"
  }
},
{
  "model": "auth.permission",
  "pk": 27,
  "fields": {
    "name": "Can delete links",
    "content_type": 7,
    "codename": "delete_links"
  }
},
{
  "model": "auth.permission",
  "pk": 28,
  "fields": {
    "name": "Can view links",
    "content_type": 7,
    "codename": "view_links"
  }
},
{
  "model": "auth.permission",
  "pk": 29,
  "fields": {
    "name": "Can add customer",
    "content_type": 8,
    "codename": "add_customer"
  }
},
{
  "model": "auth.permission",
  "pk": 30,
  "fields": {
    "name": "Can change customer",
    "content_type": 8,
    "codename": "change_customer"
  }
},
{
  "model": "auth.permission",
  "pk": 31,
  "fields": {
    "name": "Can delete customer",
    "content_type": 8,
    "codename": "delete_customer"
  }
},
{
  "model": "auth.permission",
  "pk": 32,
  "fields": {
    "name": "Can view customer",
    "content_type": 8,
    "codename": "view_customer"
  }
},
{
  "model": "auth.permission",
  "pk": 33,
  "fields": {
    "name": "Can add tag",
    "content_type": 9,
    "codename": "add_tag"
  }
},
{
  "model": "auth.permission",
  "pk": 34,
  "fields": {
    "name": "Can change tag",
    "content_type": 9,
    "codename": "change_tag"
  }
},
{
  "model": "auth.permission",
  "pk": 35,
  "fields": {
    "name": "Can delete tag",
    "content_type": 9,
    "codename": "delete_tag"
  }
},
{
  "model": "auth.permission",
  "pk": 36,
  "fields": {
    "name": "Can view tag",
    "content_type": 9,
    "codename": "view_tag"
  }
},
{
  "model": "auth.permission",
  "pk": 37,
  "fields": {
    "name": "Can add anonymous users link",
    "content_type": 10,
    "codename": "add_anonymoususerslink"
  }
},
{
  "model": "auth.permission",
  "pk": 38,
  "fields": {
    "name": "Can change anonymous users link",
    "content_type": 10,
    "codename": "change_anonymoususerslink"
  }
},
{
  "model": "auth.permission",
  "pk": 39,
  "fields": {
    "name": "Can delete anonymous users link",
    "content_type": 10,
    "codename": "delete_anonymoususerslink"
  }
},
{
  "model": "auth.permission",
  "pk": 40,
  "fields": {
    "name": "Can view anonymous users link",
    "content_type": 10,
    "codename": "view_anonymoususerslink"
  }
},
{
  "model": "auth.permission",
  "pk": 41,
  "fields": {
    "name": "Can add Analytics",
    "content_type": 11,
    "codename": "add_analytics"
  }
},
{
  "model": "auth.permission",
  "pk": 42,
  "fields": {
    "name": "Can change Analytics",
    "content_type": 11,
    "codename": "change_analytics"
  }
},
{
  "model": "auth.permission",
  "pk": 43,
  "fields": {
    "name": "Can delete Analytics",
    "content_type": 11,
    "codename": "delete_analytics"
  }
},
{
  "model": "auth.permission",
  "pk": 44,
  "fields": {
    "name": "Can view Analytics",
    "content_type": 11,
    "codename": "view_analytics"
  }
},
{
  "model": "auth.permission",
  "pk": 45,
  "fields": {
    "name": "Can add devices",
    "content_type": 12,
    "codename": "add_devices"
  }
},
{
  "model": "auth.permission",
  "pk": 46,
  "fields": {
    "name": "Can change devices",
    "content_type": 12,
    "codename": "change_devices"
  }
},
{
  "model": "auth.permission",
  "pk": 47,
  "fields": {
    "name": "Can delete devices",
    "content_type": 12,
    "codename": "delete_devices"
  }
},
{
  "model": "auth.permission",
  "pk": 48,
  "fields": {
    "name": "Can view devices",
    "content_type": 12,
    "codename": "view_devices"
  }
},
{
  "model": "auth.permission",
  "pk": 49,
  "fields": {
    "name": "Can add countries",
    "content_type": 13,
    "codename": "add_countries"
  }
},
{
  "model": "auth.permission",
  "pk": 50,
  "fields": {
    "name": "Can change countries",
    "content_type": 13,
    "codename": "change_countries"
  }
},
{
  "model": "auth.permission",
  "pk": 51,
  "fields": {
    "name": "Can delete countries",
    "content_type": 13,
    "codename": "delete_countries"
  }
},
{
  "model": "auth.permission",
  "pk": 52,
  "fields": {
    "name": "Can view countries",
    "content_type": 13,
    "codename": "view_countries"
  }
},
{
  "model": "auth.permission",
  "pk": 53,
  "fields": {
    "name": "Can add ip_address",
    "content_type": 14,
    "codename": "add_ip_address"
  }
},
{
  "model": "auth.permission",
  "pk": 54,
  "fields": {
    "name": "Can change ip_address",
    "content_type": 14,
    "codename": "change_ip_address"
  }
},
{
  "model": "auth.permission",
  "pk": 55,
  "fields": {
    "name": "Can delete ip_address",
    "content_type": 14,
    "codename": "delete_ip_address"
  }
},
{
  "model": "auth.permission",
  "pk": 56,
  "fields": {
    "name": "Can view ip_address",
    "content_type": 14,
    "codename": "view_ip_address"
  }
},
{
  "model": "auth.permission",
  "pk": 57,
  "fields": {
    "name": "Can add link_only_ip_address",
    "content_type": 15,
    "codename": "add_link_only_ip_address"
  }
},
{
  "model": "auth.permission",
  "pk": 58,
  "fields": {
    "name": "Can change link_only_ip_address",
    "content_type": 15,
    "codename": "change_link_only_ip_address"
  }
},
{
  "model": "auth.permission",
  "pk": 59,
  "fields": {
    "name": "Can delete link_only_ip_address",
    "content_type": 15,
    "codename": "delete_link_only_ip_address"
  }
},
{
  "model": "auth.permission",
  "pk": 60,
  "fields": {
    "name": "Can view link_only_ip_address",
    "content_type": 15,
    "codename": "view_link_only_ip_address"
  }
},
{
  "model": "auth.permission",
  "pk": 61,
  "fields": {
    "name": "Can add tag",
    "content_type": 16,
    "codename": "add_tag"
  }
},
{
  "model": "auth.permission",
  "pk": 62,
  "fields": {
    "name": "Can change tag",
    "content_type": 16,
    "codename": "change_tag"
  }
},
{
  "model": "auth.permission",
  "pk": 63,
  "fields": {
    "name": "Can delete tag",
    "content_type": 16,
    "codename": "delete_tag"
  }
},
{
  "model": "auth.permission",
  "pk": 64,
  "fields": {
    "name": "Can view tag",
    "content_type": 16,
    "codename": "view_tag"
  }
},
{
  "model": "auth.permission",
  "pk": 65,
  "fields": {
    "name": "Can add tagged item",
    "content_type": 17,
    "codename": "add_taggeditem"
  }
},
{
  "model": "auth.permission",
  "pk": 66,
  "fields": {
    "name": "Can change tagged item",
    "content_type": 17,
    "codename": "change_taggeditem"
  }
},
{
  "model": "auth.permission",
  "pk": 67,
  "fields": {
    "name": "Can delete tagged item",
    "content_type": 17,
    "codename": "delete_taggeditem"
  }
},
{
  "model": "auth.permission",
  "pk": 68,
  "fields": {
    "name": "Can view tagged item",
    "content_type": 17,
    "codename": "view_taggeditem"
  }
},
{
  "model": "auth.user",
  "pk": 1,
  "fields": {
    "password": "pbkdf2_sha256$320000$KWC6fdVQo3dOR3B1yHmJMt$Ehf9le+DwWwNBaezXsuWy813Pxrf+IAGmT6qQVfdHaQ=",
    "last_login": "2022-04-26T05:48:00.362Z",
    "is_superuser": false,
    "username": "test1",
    "first_name": "",
    "last_name": "",
    "email": "test1@g.com",
    "is_staff": false,
    "is_active": true,
    "date_joined": "2021-05-30T15:21:23.501Z",
    "groups": [],
    "user_permissions": []
  }
},
{
  "model": "auth.user",
  "pk": 2,
  "fields": {
    "password": "pbkdf2_sha256$320000$ah5p17DDbscad77rIyvKSJ$wwfFsWeyuavL6KmAmEFcIGRpJnKOiNy3WMeAUh7f0Ws=",
    "last_login": "2022-04-25T12:49:57.285Z",
    "is_superuser": true,
    "username": "admin",
    "first_name": "",
    "last_name": "",
    "email": "",
    "is_staff": true,
    "is_active": true,
    "date_joined": "2021-05-30T15:22:21.267Z",
    "groups": [],
    "user_permissions": []
  }
},
{
  "model": "auth.user",
  "pk": 3,
  "fields": {
    "password": "pbkdf2_sha256$320000$csE8SZHJRXKAcmL4PForfh$ktJVw+j3mQJ8yG+cxoa30pJeUNP8Cf9Cmw9H3iMusiw=",
    "last_login": "2022-04-25T12:49:04.170Z",
    "is_superuser": false,
    "username": "test2",
    "first_name": "",
    "last_name": "",
    "email": "test2@gmail.com",
    "is_staff": false,
    "is_active": true,
    "date_joined": "2022-04-20T11:43:35.210Z",
    "groups": [],
    "user_permissions": []
  }
},
{
  "model": "contenttypes.contenttype",
  "pk": 1,
  "fields": {
    "app_label": "admin",
    "model": "logentry"
  }
},
{
  "model": "contenttypes.contenttype",
  "pk": 2,
  "fields": {
    "app_label": "auth",
    "model": "permission"
  }
},
{
  "model": "contenttypes.contenttype",
  "pk": 3,
  "fields": {
    "app_label": "auth",
    "model": "group"
  }
},
{
  "model": "contenttypes.contenttype",
  "pk": 4,
  "fields": {
    "app_label": "auth",
    "model": "user"
  }
},
{
  "model": "contenttypes.contenttype",
  "pk": 5,
  "fields": {
    "app_label": "contenttypes",
    "model": "contenttype"
  }
},
{
  "model": "contenttypes.contenttype",
  "pk": 6,
  "fields": {
    "app_label": "sessions",
    "model": "session"
  }
},
{
  "model": "contenttypes.contenttype",
  "pk": 7,
  "fields": {
    "app_label": "app",
    "model": "links"
  }
},
{
  "model": "contenttypes.contenttype",
  "pk": 8,
  "fields": {
    "app_label": "app",
    "model": "customer"
  }
},
{
  "model": "contenttypes.contenttype",
  "pk": 9,
  "fields": {
    "app_label": "app",
    "model": "tag"
  }
},
{
  "model": "contenttypes.contenttype",
  "pk": 10,
  "fields": {
    "app_label": "anonymous_data",
    "model": "anonymoususerslink"
  }
},
{
  "model": "contenttypes.contenttype",
  "pk": 11,
  "fields": {
    "app_label": "analytics",
    "model": "analytics"
  }
},
{
  "model": "contenttypes.contenttype",
  "pk": 12,
  "fields": {
    "app_label": "analytics",
    "model": "devices"
  }
},
{
  "model": "contenttypes.contenttype",
  "pk": 13,
  "fields": {
    "app_label": "analytics",
    "model": "countries"
  }
},
{
  "model": "contenttypes.contenttype",
  "pk": 14,
  "fields": {
    "app_label": "analytics",
    "model": "ip_address"
  }
},
{
  "model": "contenttypes.contenttype",
  "pk": 15,
  "fields": {
    "app_label": "analytics",
    "model": "link_only_ip_address"
  }
},
{
  "model": "contenttypes.contenttype",
  "pk": 16,
  "fields": {
    "app_label": "taggit",
    "model": "tag"
  }
},
{
  "model": "contenttypes.contenttype",
  "pk": 17,
  "fields": {
    "app_label": "taggit",
    "model": "taggeditem"
  }
},
{
  "model": "sessions.session",
  "pk": "0q24sqk1uz9pf2431pgva261aqfewzvs",
  "fields": {
    "session_data": ".eJxVjDkOwjAUBe_iGlnxEi-U9JzB-ptJADlSlgpxd4iUAto3M--lCmzrULZF5jKyOiujTr8bAj2k7YDv0G6Tpqmt84h6V_RBF32dWJ6Xw_07GGAZvrWjHLFSDdYiMHYmJIYgFjxlYhMz5crUG2eNB0nMVrJw6qI3Pboe1fsDDjQ4vg:1naCQ1:C5aYdYKbgVXVKYFkpxcWSDkrp2zJvw22puSyw1tBU_Q",
    "expire_date": "2022-04-15T08:14:05.937Z"
  }
},
{
  "model": "sessions.session",
  "pk": "1s85ipmh7b4oxh9o8fnnozgxjdy7izpy",
  "fields": {
    "session_data": ".eJxVjDkOwjAUBe_iGlnxEi-U9JzB-ptJADlSlgpxd4iUAto3M--lCmzrULZF5jKyOiujTr8bAj2k7YDv0G6Tpqmt84h6V_RBF32dWJ6Xw_07GGAZvrWjHLFSDdYiMHYmJIYgFjxlYhMz5crUG2eNB0nMVrJw6qI3Pboe1fsDDjQ4vg:1ncVqD:C_za1dsKZ0DDk2euu582O30IZKpYK9v1LaFathaxJNA",
    "expire_date": "2022-04-21T17:22:41.699Z"
  }
},
{
  "model": "sessions.session",
  "pk": "27vk6ie9z6lasfa19ui2hco67rtznc4j",
  "fields": {
    "session_data": ".eJxVjEEOwiAQRe_C2hCgCNSl-56BDDODVA0kpV0Z765NutDtf-_9l4iwrSVunZc4k7gII06_WwJ8cN0B3aHemsRW12VOclfkQbucGvHzerh_BwV6-daA1mkMeRj0CE4PHo3PyN7bnDiwzSZhINIpuDwSs01nMlmhMwpAIYj3B__aOR0:1niyA9:BHcP3f7uckrjoDmHUPIOFGlZh0tYZuDLSgNWXgyEzpQ",
    "expire_date": "2022-05-09T12:49:57.405Z"
  }
},
{
  "model": "sessions.session",
  "pk": "3xkqjhj128ewskketryn6bkdm0gqb5um",
  "fields": {
    "session_data": ".eJxVjDkOwjAUBe_iGlnxEi-U9JzB-ptJADlSlgpxd4iUAto3M--lCmzrULZF5jKyOiujTr8bAj2k7YDv0G6Tpqmt84h6V_RBF32dWJ6Xw_07GGAZvrWjHLFSDdYiMHYmJIYgFjxlYhMz5crUG2eNB0nMVrJw6qI3Pboe1fsDDjQ4vg:1nbjdL:fJdaij6i_OzzuhttaoL3icKJtUQtay9kaBSofKMZb5Y",
    "expire_date": "2022-04-19T13:54:11.940Z"
  }
},
{
  "model": "sessions.session",
  "pk": "71fc7qpegvsrj8t7oqzpm3phnemtxcd3",
  "fields": {
    "session_data": ".eJxVjEEOwiAQRe_C2hCgCNSl-56BDDODVA0kpV0Z765NutDtf-_9l4iwrSVunZc4k7gII06_WwJ8cN0B3aHemsRW12VOclfkQbucGvHzerh_BwV6-daA1mkMeRj0CE4PHo3PyN7bnDiwzSZhINIpuDwSs01nMlmhMwpAIYj3B__aOR0:1nVdaM:tqVZaKrMotKVIvsxEg1o3xGALgyLiwvpiCAti2q20fs",
    "expire_date": "2022-04-02T18:13:54.009Z"
  }
},
{
  "model": "sessions.session",
  "pk": "ev1jol67bzj4qd47mfjg3oa8j2juefpi",
  "fields": {
    "session_data": ".eJxVjEEOwiAQRe_C2hCgCNSl-56BDDODVA0kpV0Z765NutDtf-_9l4iwrSVunZc4k7gII06_WwJ8cN0B3aHemsRW12VOclfkQbucGvHzerh_BwV6-daA1mkMeRj0CE4PHo3PyN7bnDiwzSZhINIpuDwSs01nMlmhMwpAIYj3B__aOR0:1nVQul:0JepfpXe1rGAsp0MsUsvEzbp29IYHnn62idpN7_Fi8A",
    "expire_date": "2022-04-02T04:42:07.336Z"
  }
},
{
  "model": "sessions.session",
  "pk": "fbzv0rkp1j53rrvd047zrm1nzgh9gxny",
  "fields": {
    "session_data": ".eJxVjEEOwiAQRe_C2hCgCNSl-56BDDODVA0kpV0Z765NutDtf-_9l4iwrSVunZc4k7gII06_WwJ8cN0B3aHemsRW12VOclfkQbucGvHzerh_BwV6-daA1mkMeRj0CE4PHo3PyN7bnDiwzSZhINIpuDwSs01nMlmhMwpAIYj3B__aOR0:1nUYIg:sAWBy4KSMeodcPNwRNKtBWmuPekwELK5OYu_wZHBPBE",
    "expire_date": "2022-03-30T18:23:10.174Z"
  }
},
{
  "model": "sessions.session",
  "pk": "ksk42oyre8y5sy84vrpzmp1n4buzlhui",
  "fields": {
    "session_data": ".eJxVjDkOwjAUBe_iGlnxEi-U9JzB-ptJADlSlgpxd4iUAto3M--lCmzrULZF5jKyOiujTr8bAj2k7YDv0G6Tpqmt84h6V_RBF32dWJ6Xw_07GGAZvrWjHLFSDdYiMHYmJIYgFjxlYhMz5crUG2eNB0nMVrJw6qI3Pboe1fsDDjQ4vg:1njE3M:78SYLH26XdLRgvmPcKsaU74aAvUyQnaZlcipvM_g75Q",
    "expire_date": "2022-05-10T05:48:00.469Z"
  }
},
{
  "model": "sessions.session",
  "pk": "njp6krs48h2thdiczfq4lsfwn4oqmkse",
  "fields": {
    "session_data": ".eJxVjDkOwjAUBe_iGlnxEi-U9JzB-ptJADlSlgpxd4iUAto3M--lCmzrULZF5jKyOiujTr8bAj2k7YDv0G6Tpqmt84h6V_RBF32dWJ6Xw_07GGAZvrWjHLFSDdYiMHYmJIYgFjxlYhMz5crUG2eNB0nMVrJw6qI3Pboe1fsDDjQ4vg:1nUY0V:SFiNC7YQmF0J1AtFjPz4tOnnQI7ON9oKQlxTx3Km4M4",
    "expire_date": "2022-03-30T18:04:23.782Z"
  }
},
{
  "model": "sessions.session",
  "pk": "qhvvv6wbf196w5fjh23z9saaxr7l1vuq",
  "fields": {
    "session_data": ".eJxVjEEOwiAQRe_C2hCgCNSl-56BDDODVA0kpV0Z765NutDtf-_9l4iwrSVunZc4k7gII06_WwJ8cN0B3aHemsRW12VOclfkQbucGvHzerh_BwV6-daA1mkMeRj0CE4PHo3PyN7bnDiwzSZhINIpuDwSs01nMlmhMwpAIYj3B__aOR0:1ndnbs:iUgnzeNpX95Y0MABhv87Vc3SCdGYuVoPKOuAholb1eg",
    "expire_date": "2022-04-25T06:33:12.251Z"
  }
},
{
  "model": "sessions.session",
  "pk": "qrjg3uky2yf0s1h3iy20k2kuow2uaugv",
  "fields": {
    "session_data": ".eJxVjEEOwiAQRe_C2pABCrQu3XsGMsOAVA0kpV0Z765NutDtf-_9lwi4rSVsPS1hZnEWSpx-N8L4SHUHfMd6azK2ui4zyV2RB-3y2jg9L4f7d1Cwl2892Kyd0x7BJEDW04RJ4ZBYeQaK2dnsvFaKnPJ2NEwmeg2jJSYXCUC8P9otN7g:1nTQhW:0iyjVjswrEkGKZs1kibW9ifjs5t6d4qrmz4iz6kd8nM",
    "expire_date": "2022-03-27T16:04:10.964Z"
  }
},
{
  "model": "sessions.session",
  "pk": "uq1tpx8phsd2ddgjg5vbjd2h054j1fq7",
  "fields": {
    "session_data": ".eJxVjDkOwjAUBe_iGlnxEi-U9JzB-ptJADlSlgpxd4iUAto3M--lCmzrULZF5jKyOiujTr8bAj2k7YDv0G6Tpqmt84h6V_RBF32dWJ6Xw_07GGAZvrWjHLFSDdYiMHYmJIYgFjxlYhMz5crUG2eNB0nMVrJw6qI3Pboe1fsDDjQ4vg:1ndDGh:UgdOX23GMN-GNkXyWUVxaIbvz9_TiUcTOSCb1_2AkjI",
    "expire_date": "2022-04-23T15:44:55.325Z"
  }
},
{
  "model": "sessions.session",
  "pk": "vcbgar9z141ru120desrjvb2ck5mwa5x",
  "fields": {
    "session_data": ".eJxVjDkOwjAUBe_iGlnxEi-U9JzB-ptJADlSlgpxd4iUAto3M--lCmzrULZF5jKyOiujTr8bAj2k7YDv0G6Tpqmt84h6V_RBF32dWJ6Xw_07GGAZvrWjHLFSDdYiMHYmJIYgFjxlYhMz5crUG2eNB0nMVrJw6qI3Pboe1fsDDjQ4vg:1ndsGX:GPCeWHP6AIbN_ZbIk8WeH-k6pjxl296xU6ResFH5SnM",
    "expire_date": "2022-04-25T11:31:29.513Z"
  }
},
{
  "model": "sessions.session",
  "pk": "vve3xshh5mop4sapr6c0wfvqk8695d2h",
  "fields": {
    "session_data": ".eJxVjDkOwjAUBe_iGlnxEi-U9JzB-ptJADlSlgpxd4iUAto3M--lCmzrULZF5jKyOiujTr8bAj2k7YDv0G6Tpqmt84h6V_RBF32dWJ6Xw_07GGAZvrWjHLFSDdYiMHYmJIYgFjxlYhMz5crUG2eNB0nMVrJw6qI3Pboe1fsDDjQ4vg:1naCgH:trYCkSrKKDDeV63jPcGKAHJ1HL5jmcSDtFFjq5NUdSo",
    "expire_date": "2022-04-15T08:30:53.009Z"
  }
},
{
  "model": "sessions.session",
  "pk": "w17gnydk93wm4k8c03n4dpgdbk402pki",
  "fields": {
    "session_data": ".eJxVjEEOwiAQRe_C2pABCrQu3XsGMsOAVA0kpV0Z765NutDtf-_9lwi4rSVsPS1hZnEWSpx-N8L4SHUHfMd6azK2ui4zyV2RB-3y2jg9L4f7d1Cwl2892Kyd0x7BJEDW04RJ4ZBYeQaK2dnsvFaKnPJ2NEwmeg2jJSYXCUC8P9otN7g:1nTfyj:4Ay5_IvikjLUGLYeH1ZiryxSVs9Y43sJQ5BN99zuyY8",
    "expire_date": "2022-03-28T08:22:57.978Z"
  }
},
{
  "model": "sessions.session",
  "pk": "x0n2u9jsivcquxfzl71pnkn5jnukoies",
  "fields": {
    "session_data": ".eJxVjDkOwjAUBe_iGlnxEi-U9JzB-ptJADlSlgpxd4iUAto3M--lCmzrULZF5jKyOiujTr8bAj2k7YDv0G6Tpqmt84h6V_RBF32dWJ6Xw_07GGAZvrWjHLFSDdYiMHYmJIYgFjxlYhMz5crUG2eNB0nMVrJw6qI3Pboe1fsDDjQ4vg:1naCi5:Pkn7RkT9oRzIs3aWgEiggtBju8hfwRtUWdVKNzldA1Y",
    "expire_date": "2022-04-15T08:32:45.845Z"
  }
},
{
  "model": "sessions.session",
  "pk": "yb3wg6udtnu6b8alwqssbp8nz4cn6d1g",
  "fields": {
    "session_data": ".eJxVjEEOwiAQRe_C2hCgCNSl-56BDDODVA0kpV0Z765NutDtf-_9l4iwrSVunZc4k7gII06_WwJ8cN0B3aHemsRW12VOclfkQbucGvHzerh_BwV6-daA1mkMeRj0CE4PHo3PyN7bnDiwzSZhINIpuDwSs01nMlmhMwpAIYj3B__aOR0:1naEDk:tLfFhITA4JTO0WOBk0i3TT5SgYU_ubTtx9JxFv9lsYQ",
    "expire_date": "2022-04-15T10:09:32.627Z"
  }
},
{
  "model": "sessions.session",
  "pk": "yogaz3dwgjxvd6dh1zysnn6mrnpc3cxz",
  "fields": {
    "session_data": ".eJxVjEEOwiAQRe_C2hCgCNSl-56BDDODVA0kpV0Z765NutDtf-_9l4iwrSVunZc4k7gII06_WwJ8cN0B3aHemsRW12VOclfkQbucGvHzerh_BwV6-daA1mkMeRj0CE4PHo3PyN7bnDiwzSZhINIpuDwSs01nMlmhMwpAIYj3B__aOR0:1nYskY:EByZBpGFwGmZZwsAUUxM91vZUtj5_5bjnjg6xHOHh7o",
    "expire_date": "2022-04-11T17:01:50.873Z"
  }
},
{
  "model": "app.tag",
  "pk": 1,
  "fields": {
    "name": "Anonymous"
  }
},
{
  "model": "app.links",
  "pk": 1,
  "fields": {
    "url": "https://infallible-cori-68e745.netlify.com/articles",
    "short_url": "9c2b9",
    "url_title": "Home | CoinedOne Technologies",
    "date_created": "2021-05-30T15:24:35.014Z",
    "expiration_date": "2021-06-29T15:24:35.009Z",
    "user": 1
  }
},
{
  "model": "app.links",
  "pk": 2,
  "fields": {
    "url": "https://google.com",
    "short_url": "a9085",
    "url_title": "No Title found",
    "date_created": "2021-05-30T15:24:39.697Z",
    "expiration_date": "2021-06-29T15:24:39.686Z",
    "user": 1
  }
},
{
  "model": "app.links",
  "pk": 3,
  "fields": {
    "url": "https://google.com/tests",
    "short_url": "dc6ab",
    "url_title": "No Title found",
    "date_created": "2021-05-30T15:24:45.556Z",
    "expiration_date": "2021-06-29T15:24:45.542Z",
    "user": 1
  }
},
{
  "model": "app.links",
  "pk": 4,
  "fields": {
    "url": "https://studygyaan.com/django/creating-charts-in-django-web-app",
    "short_url": "99bef",
    "url_title": "No Title found",
    "date_created": "2022-04-22T03:25:00.126Z",
    "expiration_date": "2021-06-29T15:25:04Z",
    "user": 1
  }
},
{
  "model": "app.links",
  "pk": 5,
  "fields": {
    "url": "https://getbootstrap.com/docs/5.0/layout/grid/#row-columns",
    "short_url": "fb9d1",
    "url_title": "No Title found",
    "date_created": "2021-05-30T15:30:13.097Z",
    "expiration_date": "2021-06-29T15:30:13.086Z",
    "user": 1
  }
},
{
  "model": "app.links",
  "pk": 6,
  "fields": {
    "url": "https://www.stanleyulili.com/javascript/beginner-guide-to-chartjs/",
    "short_url": "7b26a",
    "url_title": "No Title found",
    "date_created": "2021-05-30T15:30:35.526Z",
    "expiration_date": "2021-06-29T15:30:35.509Z",
    "user": 1
  }
},
{
  "model": "app.links",
  "pk": 7,
  "fields": {
    "url": "https://github.com/dprog-philippe-docourt/django-qr-code#demo-application",
    "short_url": "d0c2d",
    "url_title": "No Title found",
    "date_created": "2021-05-30T15:30:49.103Z",
    "expiration_date": "2021-06-29T15:30:49.091Z",
    "user": 1
  }
},
{
  "model": "app.links",
  "pk": 8,
  "fields": {
    "url": "https://freedjango.com/generate-a-qr-code-in-django/",
    "short_url": "a8742",
    "url_title": "No Title found",
    "date_created": "2022-04-22T03:24:43.746Z",
    "expiration_date": "2021-06-29T15:31:00Z",
    "user": 1
  }
},
{
  "model": "app.links",
  "pk": 9,
  "fields": {
    "url": "https://www.freecodecamp.org/news/types-of-software-testing/",
    "short_url": "3a85b",
    "url_title": "No Title found",
    "date_created": "2021-05-30T15:31:26.050Z",
    "expiration_date": "2021-06-29T15:31:26.039Z",
    "user": 1
  }
},
{
  "model": "app.links",
  "pk": 10,
  "fields": {
    "url": "https://www.freecodecamp.org/learn/javascript-algorithms-and-data-structures/es6/write-concise-decla",
    "short_url": "b8aff",
    "url_title": "No Page Found",
    "date_created": "2021-05-30T15:31:48.738Z",
    "expiration_date": "2021-06-29T15:31:48.725Z",
    "user": 1
  }
},
{
  "model": "app.links",
  "pk": 11,
  "fields": {
    "url": "https://stackoverflow.com/questions/16627227/problem-http-error-403-in-python-3-web-scraping",
    "short_url": "1d2d9",
    "url_title": "Problem HTTP error 403 in Python 3 Web Scraping - Stack Overflow",
    "date_created": "2021-08-16T11:25:19.908Z",
    "expiration_date": "2021-09-15T11:25:19.895Z",
    "user": 1
  }
},
{
  "model": "app.links",
  "pk": 12,
  "fields": {
    "url": "https://stackoverflow.com/questions/16627227/problem-http-error-403-in-python-3-web-scraping",
    "short_url": "29dd0",
    "url_title": "No Title found",
    "date_created": "2021-08-16T11:27:21.781Z",
    "expiration_date": "2021-09-15T11:27:21.770Z",
    "user": 1
  }
},
{
  "model": "app.links",
  "pk": 13,
  "fields": {
    "url": "https://stackoverflow.com/questions/16627227/problem-http-error-403-in-python-3-web-scraping",
    "short_url": "e4fa6",
    "url_title": "Problem HTTP error 403 in Python 3 Web Scraping - Stack Overflow",
    "date_created": "2021-08-16T11:28:27.553Z",
    "expiration_date": "2021-09-15T11:28:27.540Z",
    "user": 1
  }
},
{
  "model": "app.links",
  "pk": 14,
  "fields": {
    "url": "https://infallible-cori-68e745.netlify.com/articles",
    "short_url": "675d3",
    "url_title": "Home | CoinedOne Technologies",
    "date_created": "2021-08-16T11:29:02.375Z",
    "expiration_date": "2021-09-15T11:29:02.374Z",
    "user": 1
  }
},
{
  "model": "app.links",
  "pk": 15,
  "fields": {
    "url": "https://google.com/tests",
    "short_url": "710c3",
    "url_title": "No Page Found",
    "date_created": "2021-08-16T11:40:19.870Z",
    "expiration_date": "2021-09-15T11:40:19.857Z",
    "user": 1
  }
},
{
  "model": "app.links",
  "pk": 16,
  "fields": {
    "url": "https://infallible-cori-68e745.netlify.com/articles",
    "short_url": "71767",
    "url_title": "Home | CoinedOne Technologies",
    "date_created": "2021-08-16T17:08:10.871Z",
    "expiration_date": "2021-09-15T17:08:08.068Z",
    "user": 1
  }
},
{
  "model": "app.links",
  "pk": 17,
  "fields": {
    "url": "https://infallible-cori-68e745.netlify.com/articles",
    "short_url": "89701",
    "url_title": "Home | CoinedOne Technologies",
    "date_created": "2021-08-16T17:10:46.352Z",
    "expiration_date": "2021-09-15T17:10:43.347Z",
    "user": 1
  }
},
{
  "model": "app.links",
  "pk": 18,
  "fields": {
    "url": "https://google.com",
    "short_url": "29cba",
    "url_title": "Google",
    "date_created": "2022-04-20T07:51:08.087Z",
    "expiration_date": "2021-09-15T17:10:52Z",
    "user": 1
  }
},
{
  "model": "app.links",
  "pk": 19,
  "fields": {
    "url": "https://Link.Gallery/shortly",
    "short_url": "3a191",
    "url_title": "@shortly | LinkGallery",
    "date_created": "2021-08-16T17:11:08.982Z",
    "expiration_date": "2021-09-27T16:35:00.221Z",
    "user": 1
  }
},
{
  "model": "app.links",
  "pk": 20,
  "fields": {
    "url": "https://www.facebook.com/",
    "short_url": "af405",
    "url_title": "No Page Found",
    "date_created": "2022-04-20T07:51:26.208Z",
    "expiration_date": "2022-04-18T12:05:09Z",
    "user": 1
  }
},
{
  "model": "app.links",
  "pk": 21,
  "fields": {
    "url": "https://www.hackerearth.com/challenges/",
    "short_url": "19805",
    "url_title": "  \n\n    Programming challenges, coding competitions, and hackathons\n\n | HackerEarth  ",
    "date_created": "2022-01-23T07:30:48.442Z",
    "expiration_date": "2022-02-22T07:30:47.195Z",
    "user": 1
  }
},
{
  "model": "app.links",
  "pk": 22,
  "fields": {
    "url": "https://www.youtube.com/",
    "short_url": "bdfda",
    "url_title": "YouTube",
    "date_created": "2022-01-23T17:25:35.172Z",
    "expiration_date": "2022-02-22T17:25:34.723Z",
    "user": 1
  }
},
{
  "model": "app.links",
  "pk": 26,
  "fields": {
    "url": "https://www.hackerearth.com/challenges/",
    "short_url": "6850d",
    "url_title": "No Page Found",
    "date_created": "2022-03-19T11:20:29.718Z",
    "expiration_date": "2022-04-18T11:20:29.696Z",
    "user": 1
  }
},
{
  "model": "app.links",
  "pk": 27,
  "fields": {
    "url": "https://www.google.com/search?channel=fs&client=ubuntu&q=django+ajax+get+request",
    "short_url": "d8786",
    "url_title": "No Page Found",
    "date_created": "2022-04-20T07:50:48.531Z",
    "expiration_date": "2022-04-18T11:52:58Z",
    "user": 1
  }
},
{
  "model": "app.links",
  "pk": 28,
  "fields": {
    "url": "https://www.digitalocean.com/community/tutorials/how-to-install-and-use-postgresql-on-ubuntu-20-04",
    "short_url": "a1ad2",
    "url_title": "How To Install and Use PostgreSQL on Ubuntu 20.04  | DigitalOcean",
    "date_created": "2022-03-19T12:05:26.538Z",
    "expiration_date": "2022-04-27T16:59:14.266Z",
    "user": 1
  }
},
{
  "model": "app.links",
  "pk": 29,
  "fields": {
    "url": "https://www.google.com/search?channel=fs&client=ubuntu&q=django+ajax+get+request",
    "short_url": "7b0cb",
    "url_title": "django ajax get request - Google Search",
    "date_created": "2022-04-20T07:50:36.896Z",
    "expiration_date": "2022-04-18T12:11:15Z",
    "user": 2
  }
},
{
  "model": "app.links",
  "pk": 30,
  "fields": {
    "url": "https://www.hackerearth.com/challenges/",
    "short_url": "7df82",
    "url_title": "Programming Challenges, Coding competitions, and Hackathons | HackerEarth",
    "date_created": "2022-04-20T12:09:09.382Z",
    "expiration_date": "2022-04-18T12:11:41Z",
    "user": 2
  }
},
{
  "model": "app.links",
  "pk": 31,
  "fields": {
    "url": "https://test-driven-django-development.readthedocs.io/en/latest/01-getting-started.html",
    "short_url": "8ace7",
    "url_title": "Getting started — Test-Driven Django Development v3.0 documentation",
    "date_created": "2022-03-28T17:01:27.854Z",
    "expiration_date": "2022-04-27T17:01:26.469Z",
    "user": 1
  }
},
{
  "model": "app.links",
  "pk": 34,
  "fields": {
    "url": "https://test-driven-django-development.readthedocs.io",
    "short_url": "test-driven",
    "url_title": "Workshop: Test-Driven Web Development with Django — Test-Driven Django Development v3.0 documentation",
    "date_created": "2022-04-22T03:22:07.581Z",
    "expiration_date": "2022-05-09T15:39:48Z",
    "user": 1
  }
},
{
  "model": "app.links",
  "pk": 35,
  "fields": {
    "url": "https://test-driven-django-development.readthedocs.io/en/latest/02-models.html",
    "short_url": "w-o-r-k-i-n-g",
    "url_title": "Models — Test-Driven Django Development v3.0 documentation",
    "date_created": "2022-04-22T03:21:50.335Z",
    "expiration_date": "2022-05-09T15:42:25Z",
    "user": 1
  }
},
{
  "model": "app.links",
  "pk": 36,
  "fields": {
    "url": "https://48fb-103-161-144-38.ngrok.io",
    "short_url": "e5d0d",
    "url_title": "Shortly | Home",
    "date_created": "2022-04-20T05:09:36.220Z",
    "expiration_date": "2022-05-09T15:45:09Z",
    "user": 1
  }
},
{
  "model": "app.links",
  "pk": 37,
  "fields": {
    "url": "https://48fb-103-161-144-38.ngrok.io",
    "short_url": "ngrok",
    "url_title": "Shortly | Home",
    "date_created": "2022-04-09T15:45:35.123Z",
    "expiration_date": "2022-05-09T15:45:33.572Z",
    "user": 1
  }
},
{
  "model": "app.links",
  "pk": 38,
  "fields": {
    "url": "https://48fb-103-161-144-38.ngrok.io",
    "short_url": "e5d0m",
    "url_title": "No Page Found",
    "date_created": "2022-04-20T05:08:49.854Z",
    "expiration_date": "2022-05-09T15:46:45Z",
    "user": 1
  }
},
{
  "model": "app.links",
  "pk": 39,
  "fields": {
    "url": "https://www.youtube.com/watch?v=GxA2I-n8NR8&list=PLOLrQ9Pn6caxNb9eFZJ6LfY29nZkKmmXT&index=2",
    "short_url": "b385e",
    "url_title": "Learn Django Class-Based Views - Using TemplateView - theory and examples - YouTube",
    "date_created": "2022-04-21T08:31:56.467Z",
    "expiration_date": "2022-05-21T08:31:55.869Z",
    "user": 3
  }
},
{
  "model": "app.links",
  "pk": 40,
  "fields": {
    "url": "https://www.youtube.com",
    "short_url": "fa982",
    "url_title": "YouTube",
    "date_created": "2022-04-21T08:35:01.414Z",
    "expiration_date": "2022-05-21T08:35:00.837Z",
    "user": 3
  }
},
{
  "model": "app.links",
  "pk": 41,
  "fields": {
    "url": "https://django-taggit.readthedocs.io/en/latest/forms.html",
    "short_url": "8ed3b",
    "url_title": "Tags in forms — django-taggit 1.3.0 documentation",
    "date_created": "2022-04-21T08:44:24.877Z",
    "expiration_date": "2022-05-21T08:44:23.637Z",
    "user": 2
  }
},
{
  "model": "app.links",
  "pk": 42,
  "fields": {
    "url": "https://django-taggit.readthedocs.io",
    "short_url": "f9b49",
    "url_title": "Welcome to django-taggit’s documentation! — django-taggit 1.3.0 documentation",
    "date_created": "2022-04-21T08:47:12.140Z",
    "expiration_date": "2022-05-21T08:47:10.807Z",
    "user": 2
  }
},
{
  "model": "app.links",
  "pk": 43,
  "fields": {
    "url": "https://www.youtube.com/q",
    "short_url": "ae89z",
    "url_title": "Q - YouTube",
    "date_created": "2022-04-21T09:10:46.412Z",
    "expiration_date": "2022-05-21T09:10:46.087Z",
    "user": 2
  }
},
{
  "model": "app.links",
  "pk": 44,
  "fields": {
    "url": "https://www.youtube.com/a",
    "short_url": "925d3",
    "url_title": "A - YouTube",
    "date_created": "2022-04-21T09:12:10.645Z",
    "expiration_date": "2022-05-21T09:12:10.349Z",
    "user": 2
  }
},
{
  "model": "app.links",
  "pk": 45,
  "fields": {
    "url": "https://www.youtube.com/b",
    "short_url": "9e4c1",
    "url_title": "b - YouTube",
    "date_created": "2022-04-21T09:13:06.631Z",
    "expiration_date": "2022-05-21T09:13:06.352Z",
    "user": 2
  }
},
{
  "model": "app.links",
  "pk": 46,
  "fields": {
    "url": "https://www.youtube.com/user/c",
    "short_url": "0103d",
    "url_title": "c - YouTube",
    "date_created": "2022-04-21T09:14:32.770Z",
    "expiration_date": "2022-05-21T09:14:32.492Z",
    "user": 2
  }
},
{
  "model": "app.links",
  "pk": 47,
  "fields": {
    "url": "https://www.youtube.com/d",
    "short_url": "38763",
    "url_title": "d - YouTube",
    "date_created": "2022-04-21T09:18:15.904Z",
    "expiration_date": "2022-05-21T09:18:15.620Z",
    "user": 2
  }
},
{
  "model": "app.links",
  "pk": 48,
  "fields": {
    "url": "https://www.youtube.com/f",
    "short_url": "fe991",
    "url_title": "F - YouTube",
    "date_created": "2022-04-21T09:19:25.440Z",
    "expiration_date": "2022-05-21T09:19:25.130Z",
    "user": 2
  }
},
{
  "model": "app.links",
  "pk": 50,
  "fields": {
    "url": "https://www.youtube.com/g",
    "short_url": "3775f",
    "url_title": "Twitscoff - YouTube",
    "date_created": "2022-04-21T09:23:48.325Z",
    "expiration_date": "2022-05-21T09:23:45.456Z",
    "user": 2
  }
},
{
  "model": "app.links",
  "pk": 51,
  "fields": {
    "url": "https://www.google.com/search?channel=fs&client=ubuntu&q=django+ajax+get+request",
    "short_url": "qwert",
    "url_title": "django ajax get request - Google Search",
    "date_created": "2022-04-22T15:02:48.597Z",
    "expiration_date": "2022-05-22T15:02:45.708Z",
    "user": 1
  }
},
{
  "model": "app.links",
  "pk": 52,
  "fields": {
    "url": "https://test-driven-django-development.readthedocs.io/en/latest/01-getting-started.html",
    "short_url": "asdfg",
    "url_title": "Getting started — Test-Driven Django Development v3.0 documentation",
    "date_created": "2022-04-22T15:03:21.833Z",
    "expiration_date": "2022-05-22T15:03:20.352Z",
    "user": 1
  }
},
{
  "model": "app.links",
  "pk": 53,
  "fields": {
    "url": "https://www.educative.io/courses/visual-introduction-to-algorithms/jvR3R",
    "short_url": "poiuy",
    "url_title": "What is an algorithm and why should you care? - A Visual Introduction to Algorithms",
    "date_created": "2022-04-22T15:04:25.728Z",
    "expiration_date": "2022-05-22T15:04:25.390Z",
    "user": 1
  }
},
{
  "model": "app.links",
  "pk": 54,
  "fields": {
    "url": "https://www.youtube.com/user/c",
    "short_url": "zxcvb",
    "url_title": "c - YouTube",
    "date_created": "2022-04-22T15:07:14.955Z",
    "expiration_date": "2022-05-22T15:07:14.657Z",
    "user": 1
  }
},
{
  "model": "app.links",
  "pk": 55,
  "fields": {
    "url": "https://www.youtube.com/b",
    "short_url": "bbbbb",
    "url_title": "b - YouTube",
    "date_created": "2022-04-23T04:04:31.515Z",
    "expiration_date": "2022-05-23T04:04:31.174Z",
    "user": 1
  }
},
{
  "model": "app.links",
  "pk": 56,
  "fields": {
    "url": "https://www.youtube.com/h",
    "short_url": "alskd",
    "url_title": "h - YouTube",
    "date_created": "2022-04-23T17:45:45.842Z",
    "expiration_date": "2022-05-23T17:45:45.526Z",
    "user": 1
  }
},
{
  "model": "app.links",
  "pk": 58,
  "fields": {
    "url": "https://www.youtube.com/b",
    "short_url": "10aaf",
    "url_title": "b - YouTube",
    "date_created": "2022-04-25T05:05:06.648Z",
    "expiration_date": "2022-05-25T05:05:06.317Z",
    "user": 2
  }
},
{
  "model": "app.links",
  "pk": 59,
  "fields": {
    "url": "https://www.google.com/search?channel=fs&client=ubuntu&q=django+ajax+get+request",
    "short_url": "393dx",
    "url_title": "django ajax get request - Google Search",
    "date_created": "2022-04-27T08:04:15.586Z",
    "expiration_date": "2022-05-25T05:05:24.161Z",
    "user": 2
  }
},
{
  "model": "app.links",
  "pk": 60,
  "fields": {
    "url": "https://www.youtube.com/b",
    "short_url": "3b5e8",
    "url_title": "b - YouTube",
    "date_created": "2022-04-25T05:08:08.001Z",
    "expiration_date": "2022-05-25T05:08:07.712Z",
    "user": 1
  }
},
{
  "model": "app.links",
  "pk": 61,
  "fields": {
    "url": "https://www.hackerearth.com/challenges/",
    "short_url": "32b9c",
    "url_title": "  \n\n    Programming Challenges, Coding competitions, and Hackathons\n\n | HackerEarth  ",
    "date_created": "2022-04-25T05:08:57.719Z",
    "expiration_date": "2022-05-25T05:08:56.313Z",
    "user": 3
  }
},
{
  "model": "app.links",
  "pk": 62,
  "fields": {
    "url": "https://test-driven-django-development.readthedocs.io/en/latest/01-getting-started.html",
    "short_url": "hackerearth",
    "url_title": "Getting started — Test-Driven Django Development v3.0 documentation",
    "date_created": "2022-04-25T05:09:48.593Z",
    "expiration_date": "2022-05-25T05:09:47.295Z",
    "user": 3
  }
},
{
  "model": "app.links",
  "pk": 63,
  "fields": {
    "url": "https://test-driven-django-development.readthedocs.io/en/latest/01-getting-started.html",
    "short_url": "ada3c",
    "url_title": "Getting started — Test-Driven Django Development v3.0 documentation",
    "date_created": "2022-04-27T08:04:44.545Z",
    "expiration_date": "2022-05-25T12:37:31.449Z",
    "user": 2
  }
},
{
  "model": "app.links",
  "pk": 64,
  "fields": {
    "url": "https://getbootstrap.com/docs/5.0/forms/floating-labels/",
    "short_url": "1ba2f",
    "url_title": "Floating labels · Bootstrap v5.0",
    "date_created": "2022-04-25T12:49:27.970Z",
    "expiration_date": "2022-05-25T12:49:27.768Z",
    "user": 3
  }
},
{
  "model": "app.links",
  "pk": 65,
  "fields": {
    "url": "https://www.geeksforgeeks.org/handling-ajax-request-in-django/",
    "short_url": "59194",
    "url_title": "Handling Ajax request in Django - GeeksforGeeks",
    "date_created": "2022-04-27T08:12:09.642Z",
    "expiration_date": "2022-05-27T08:12:09.284Z",
    "user": 2
  }
},
{
  "model": "app.links",
  "pk": 66,
  "fields": {
    "url": "https://www.educative.io/courses/visual-introduction-to-algorithms/jvR3R",
    "short_url": "a82ed",
    "url_title": "What is an algorithm and why should you care? - A Visual Introduction to Algorithms",
    "date_created": "2022-04-27T09:52:26.071Z",
    "expiration_date": "2022-05-27T09:52:24.618Z",
    "user": 2
  }
},
{
  "model": "app.links",
  "pk": 67,
  "fields": {
    "url": "https://www.hackerearth.com/challenges/",
    "short_url": "f206e",
    "url_title": "  \n\n    Programming Challenges, Coding competitions, and Hackathons\n\n | HackerEarth  ",
    "date_created": "2022-04-27T09:53:19.648Z",
    "expiration_date": "2022-05-27T09:53:16.079Z",
    "user": 2
  }
},
{
  "model": "app.links",
  "pk": 68,
  "fields": {
    "url": "https://www.geeksforgeeks.org/handling-ajax-request-in-django/",
    "short_url": "8d81d",
    "url_title": "Handling Ajax request in Django - GeeksforGeeks",
    "date_created": "2022-04-27T09:55:03.314Z",
    "expiration_date": "2022-05-27T09:55:03.116Z",
    "user": 2
  }
},
{
  "model": "app.links",
  "pk": 69,
  "fields": {
    "url": "https://stackoverflow.com/questions/13256817/django-how-to-show-messages-under-ajax-function",
    "short_url": "7d5dc",
    "url_title": "jquery - Django - How to show messages under ajax function - Stack Overflow",
    "date_created": "2022-04-27T14:41:03.136Z",
    "expiration_date": "2022-05-27T14:41:00.870Z",
    "user": 2
  }
},
{
  "model": "app.links",
  "pk": 70,
  "fields": {
    "url": "https://stackoverflow.com/questions/5891871/saving-form-data-rewrites-the-same-row?rq=1",
    "short_url": "cfe0f",
    "url_title": "django - Saving form data rewrites the same row - Stack Overflow",
    "date_created": "2022-04-27T14:43:48.813Z",
    "expiration_date": "2022-05-27T14:43:41.710Z",
    "user": 2
  }
},
{
  "model": "app.links",
  "pk": 71,
  "fields": {
    "url": "https://stackoverflow.com/questions/6022456/show-information-of-subclass-in-list-display-django?rq=1",
    "short_url": "85d16",
    "url_title": "Show information of subclass in list_display django - Stack Overflow",
    "date_created": "2022-04-27T14:44:27.624Z",
    "expiration_date": "2022-05-27T14:44:25.318Z",
    "user": 2
  }
},
{
  "model": "app.links",
  "pk": 72,
  "fields": {
    "url": "https://stackoverflow.com/questions/39525188/upload-multiple-files-in-django",
    "short_url": "3f2f6",
    "url_title": "upload multiple files in django - Stack Overflow",
    "date_created": "2022-04-29T08:54:52.412Z",
    "expiration_date": "2022-05-29T08:54:51.002Z",
    "user": 2
  }
},
{
  "model": "anonymous_data.anonymoususerslink",
  "pk": 1,
  "fields": {
    "url": "https://www.google.com/search?channel=fs&client=ubuntu&q=django+ajax+get+request",
    "short_url": "7d17b",
    "date_created": "2022-03-19T12:51:08.982Z",
    "expiration_date": "2022-03-19T12:56:08.979Z",
    "tags": []
  }
},
{
  "model": "anonymous_data.anonymoususerslink",
  "pk": 2,
  "fields": {
    "url": "https://www.youtube.com/",
    "short_url": "4fcc4",
    "date_created": "2022-03-19T13:10:13.619Z",
    "expiration_date": "2022-03-19T13:15:13.617Z",
    "tags": []
  }
},
{
  "model": "anonymous_data.anonymoususerslink",
  "pk": 3,
  "fields": {
    "url": "https://www.hackerearth.com/challenges/",
    "short_url": "b3ace",
    "date_created": "2022-03-19T15:20:17.050Z",
    "expiration_date": "2022-03-19T15:25:17.049Z",
    "tags": []
  }
},
{
  "model": "anonymous_data.anonymoususerslink",
  "pk": 4,
  "fields": {
    "url": "as",
    "short_url": "c4a53",
    "date_created": "2022-03-19T15:48:08.185Z",
    "expiration_date": "2022-03-19T15:53:08.184Z",
    "tags": []
  }
},
{
  "model": "anonymous_data.anonymoususerslink",
  "pk": 5,
  "fields": {
    "url": "https://www.geeksforgeeks.org/handling-ajax-request-in-django/",
    "short_url": "3d025",
    "date_created": "2022-03-19T18:13:38.424Z",
    "expiration_date": "2022-03-19T18:18:38.422Z",
    "tags": []
  }
},
{
  "model": "anonymous_data.anonymoususerslink",
  "pk": 6,
  "fields": {
    "url": "https://www.geeksforgeeks.org/handling-ajax-request-in-django/a",
    "short_url": "2a48e",
    "date_created": "2022-03-19T18:14:37.390Z",
    "expiration_date": "2022-03-19T18:19:37.387Z",
    "tags": []
  }
},
{
  "model": "taggit.tag",
  "pk": 1,
  "fields": {
    "name": "test",
    "slug": "test"
  }
},
{
  "model": "taggit.tag",
  "pk": 2,
  "fields": {
    "name": "ngrok",
    "slug": "ngrok"
  }
},
{
  "model": "taggit.tag",
  "pk": 3,
  "fields": {
    "name": "django",
    "slug": "django"
  }
},
{
  "model": "taggit.tag",
  "pk": 4,
  "fields": {
    "name": "google",
    "slug": "google"
  }
},
{
  "model": "taggit.tag",
  "pk": 5,
  "fields": {
    "name": "facebook",
    "slug": "facebook"
  }
},
{
  "model": "taggit.tag",
  "pk": 6,
  "fields": {
    "name": "hackerearth",
    "slug": "hackerearth"
  }
},
{
  "model": "taggit.tag",
  "pk": 17,
  "fields": {
    "name": "models",
    "slug": "models"
  }
},
{
  "model": "taggit.tag",
  "pk": 18,
  "fields": {
    "name": "learn",
    "slug": "learn"
  }
},
{
  "model": "taggit.tag",
  "pk": 19,
  "fields": {
    "name": "youtube",
    "slug": "youtube"
  }
},
{
  "model": "taggit.tag",
  "pk": 20,
  "fields": {
    "name": "bootstrap",
    "slug": "bootstrap"
  }
},
{
  "model": "taggit.tag",
  "pk": 21,
  "fields": {
    "name": "floating-labels",
    "slug": "floating-labels"
  }
},
{
  "model": "taggit.tag",
  "pk": 22,
  "fields": {
    "name": "geeksforgeeks",
    "slug": "geeksforgeeks"
  }
},
{
  "model": "taggit.tag",
  "pk": 23,
  "fields": {
    "name": "stackoverflow",
    "slug": "stackoverflow"
  }
},
{
  "model": "taggit.tag",
  "pk": 24,
  "fields": {
    "name": "hackerrank",
    "slug": "hackerrank"
  }
},
{
  "model": "taggit.tag",
  "pk": 25,
  "fields": {
    "name": "taggit",
    "slug": "taggit"
  }
},
{
  "model": "taggit.taggeditem",
  "pk": 1,
  "fields": {
    "tag": 1,
    "content_type": 7,
    "object_id": 38
  }
},
{
  "model": "taggit.taggeditem",
  "pk": 2,
  "fields": {
    "tag": 2,
    "content_type": 7,
    "object_id": 38
  }
},
{
  "model": "taggit.taggeditem",
  "pk": 3,
  "fields": {
    "tag": 2,
    "content_type": 7,
    "object_id": 36
  }
},
{
  "model": "taggit.taggeditem",
  "pk": 4,
  "fields": {
    "tag": 3,
    "content_type": 7,
    "object_id": 29
  }
},
{
  "model": "taggit.taggeditem",
  "pk": 5,
  "fields": {
    "tag": 4,
    "content_type": 7,
    "object_id": 29
  }
},
{
  "model": "taggit.taggeditem",
  "pk": 6,
  "fields": {
    "tag": 3,
    "content_type": 7,
    "object_id": 27
  }
},
{
  "model": "taggit.taggeditem",
  "pk": 7,
  "fields": {
    "tag": 4,
    "content_type": 7,
    "object_id": 27
  }
},
{
  "model": "taggit.taggeditem",
  "pk": 8,
  "fields": {
    "tag": 4,
    "content_type": 7,
    "object_id": 18
  }
},
{
  "model": "taggit.taggeditem",
  "pk": 9,
  "fields": {
    "tag": 5,
    "content_type": 7,
    "object_id": 20
  }
},
{
  "model": "taggit.taggeditem",
  "pk": 10,
  "fields": {
    "tag": 6,
    "content_type": 7,
    "object_id": 30
  }
},
{
  "model": "taggit.taggeditem",
  "pk": 21,
  "fields": {
    "tag": 17,
    "content_type": 7,
    "object_id": 35
  }
},
{
  "model": "taggit.taggeditem",
  "pk": 22,
  "fields": {
    "tag": 3,
    "content_type": 7,
    "object_id": 35
  }
},
{
  "model": "taggit.taggeditem",
  "pk": 23,
  "fields": {
    "tag": 3,
    "content_type": 7,
    "object_id": 34
  }
},
{
  "model": "taggit.taggeditem",
  "pk": 24,
  "fields": {
    "tag": 3,
    "content_type": 7,
    "object_id": 8
  }
},
{
  "model": "taggit.taggeditem",
  "pk": 25,
  "fields": {
    "tag": 3,
    "content_type": 7,
    "object_id": 4
  }
},
{
  "model": "taggit.taggeditem",
  "pk": 26,
  "fields": {
    "tag": 18,
    "content_type": 7,
    "object_id": 54
  }
},
{
  "model": "taggit.taggeditem",
  "pk": 27,
  "fields": {
    "tag": 19,
    "content_type": 7,
    "object_id": 54
  }
},
{
  "model": "taggit.taggeditem",
  "pk": 28,
  "fields": {
    "tag": 18,
    "content_type": 7,
    "object_id": 55
  }
},
{
  "model": "taggit.taggeditem",
  "pk": 29,
  "fields": {
    "tag": 3,
    "content_type": 7,
    "object_id": 56
  }
},
{
  "model": "taggit.taggeditem",
  "pk": 30,
  "fields": {
    "tag": 17,
    "content_type": 7,
    "object_id": 56
  }
},
{
  "model": "taggit.taggeditem",
  "pk": 31,
  "fields": {
    "tag": 19,
    "content_type": 7,
    "object_id": 56
  }
},
{
  "model": "taggit.taggeditem",
  "pk": 34,
  "fields": {
    "tag": 18,
    "content_type": 7,
    "object_id": 58
  }
},
{
  "model": "taggit.taggeditem",
  "pk": 35,
  "fields": {
    "tag": 19,
    "content_type": 7,
    "object_id": 58
  }
},
{
  "model": "taggit.taggeditem",
  "pk": 36,
  "fields": {
    "tag": 3,
    "content_type": 7,
    "object_id": 59
  }
},
{
  "model": "taggit.taggeditem",
  "pk": 37,
  "fields": {
    "tag": 4,
    "content_type": 7,
    "object_id": 59
  }
},
{
  "model": "taggit.taggeditem",
  "pk": 38,
  "fields": {
    "tag": 18,
    "content_type": 7,
    "object_id": 60
  }
},
{
  "model": "taggit.taggeditem",
  "pk": 39,
  "fields": {
    "tag": 19,
    "content_type": 7,
    "object_id": 60
  }
},
{
  "model": "taggit.taggeditem",
  "pk": 40,
  "fields": {
    "tag": 6,
    "content_type": 7,
    "object_id": 61
  }
},
{
  "model": "taggit.taggeditem",
  "pk": 41,
  "fields": {
    "tag": 6,
    "content_type": 7,
    "object_id": 62
  }
},
{
  "model": "taggit.taggeditem",
  "pk": 42,
  "fields": {
    "tag": 20,
    "content_type": 7,
    "object_id": 64
  }
},
{
  "model": "taggit.taggeditem",
  "pk": 43,
  "fields": {
    "tag": 21,
    "content_type": 7,
    "object_id": 64
  }
},
{
  "model": "taggit.taggeditem",
  "pk": 45,
  "fields": {
    "tag": 18,
    "content_type": 7,
    "object_id": 63
  }
},
{
  "model": "taggit.taggeditem",
  "pk": 46,
  "fields": {
    "tag": 19,
    "content_type": 7,
    "object_id": 50
  }
},
{
  "model": "taggit.taggeditem",
  "pk": 47,
  "fields": {
    "tag": 19,
    "content_type": 7,
    "object_id": 48
  }
},
{
  "model": "taggit.taggeditem",
  "pk": 48,
  "fields": {
    "tag": 1,
    "content_type": 7,
    "object_id": 63
  }
},
{
  "model": "taggit.taggeditem",
  "pk": 49,
  "fields": {
    "tag": 3,
    "content_type": 7,
    "object_id": 63
  }
},
{
  "model": "taggit.taggeditem",
  "pk": 50,
  "fields": {
    "tag": 22,
    "content_type": 7,
    "object_id": 65
  }
},
{
  "model": "taggit.taggeditem",
  "pk": 51,
  "fields": {
    "tag": 3,
    "content_type": 7,
    "object_id": 65
  }
},
{
  "model": "taggit.taggeditem",
  "pk": 52,
  "fields": {
    "tag": 1,
    "content_type": 7,
    "object_id": 65
  }
},
{
  "model": "taggit.taggeditem",
  "pk": 53,
  "fields": {
    "tag": 23,
    "content_type": 7,
    "object_id": 69
  }
},
{
  "model": "taggit.taggeditem",
  "pk": 54,
  "fields": {
    "tag": 23,
    "content_type": 7,
    "object_id": 70
  }
},
{
  "model": "taggit.taggeditem",
  "pk": 55,
  "fields": {
    "tag": 23,
    "content_type": 7,
    "object_id": 71
  }
},
{
  "model": "taggit.taggeditem",
  "pk": 56,
  "fields": {
    "tag": 3,
    "content_type": 7,
    "object_id": 71
  }
},
{
  "model": "taggit.taggeditem",
  "pk": 57,
  "fields": {
    "tag": 3,
    "content_type": 7,
    "object_id": 70
  }
},
{
  "model": "taggit.taggeditem",
  "pk": 58,
  "fields": {
    "tag": 3,
    "content_type": 7,
    "object_id": 69
  }
},
{
  "model": "taggit.taggeditem",
  "pk": 59,
  "fields": {
    "tag": 3,
    "content_type": 7,
    "object_id": 68
  }
},
{
  "model": "taggit.taggeditem",
  "pk": 60,
  "fields": {
    "tag": 24,
    "content_type": 7,
    "object_id": 67
  }
},
{
  "model": "taggit.taggeditem",
  "pk": 61,
  "fields": {
    "tag": 19,
    "content_type": 7,
    "object_id": 43
  }
},
{
  "model": "taggit.taggeditem",
  "pk": 62,
  "fields": {
    "tag": 25,
    "content_type": 7,
    "object_id": 41
  }
},
{
  "model": "taggit.taggeditem",
  "pk": 63,
  "fields": {
    "tag": 3,
    "content_type": 7,
    "object_id": 41
  }
},
{
  "model": "taggit.taggeditem",
  "pk": 64,
  "fields": {
    "tag": 25,
    "content_type": 7,
    "object_id": 42
  }
},
{
  "model": "taggit.taggeditem",
  "pk": 65,
  "fields": {
    "tag": 3,
    "content_type": 7,
    "object_id": 42
  }
},
{
  "model": "taggit.taggeditem",
  "pk": 66,
  "fields": {
    "tag": 23,
    "content_type": 7,
    "object_id": 72
  }
}
]
